"w1_HelaKyoto_Gapdh_2597_p01_cy3__Cell_CP_10.tif", "295", "309", "27766", "679863"
"w1_HelaKyoto_Gapdh_2597_p01_cy3__Cell_CP_11.tif", "521", "243", "41127", "1000843"
"w1_HelaKyoto_Gapdh_2597_p01_cy3__Cell_CP_12.tif", "2", "2", "30001", "871388"
"w1_HelaKyoto_Gapdh_2597_p01_cy3__Cell_CP_13.tif", "396", "172", "15764", "1724156"
"w1_HelaKyoto_Gapdh_2597_p01_cy3__Cell_CP_14.tif", "620", "564", "59949", "2931265"
"w1_HelaKyoto_Gapdh_2597_p01_cy3__Cell_CP_15.tif", "309", "116", "21057", "976817"
"w1_HelaKyoto_Gapdh_2597_p01_cy3__Cell_CP_16.tif", "353", "131", "21795", "2037404"
"w1_HelaKyoto_Gapdh_2597_p01_cy3__Cell_CP_17.tif", "548", "190", "24865", "1365668"
"w1_HelaKyoto_Gapdh_2597_p01_cy3__Cell_CP_18.tif", "841", "265", "54762", "2115918"
"w1_HelaKyoto_Gapdh_2597_p01_cy3__Cell_CP_21.tif", "1", "137", "25166", "1013774"
"w1_HelaKyoto_Gapdh_2597_p01_cy3__Cell_CP_22.tif", "0", "0", "37717", "1455852"
"w1_HelaKyoto_Gapdh_2597_p01_cy3__Cell_CP_25.tif", "638", "381", "41418", "982236"
"w1_HelaKyoto_Gapdh_2597_p01_cy3__Cell_CP_26.tif", "481", "304", "31951", "675163"
"w1_HelaKyoto_Gapdh_2597_p01_cy3__Cell_CP_28.tif", "220", "320", "32210", "777801"
"w1_HelaKyoto_Gapdh_2597_p01_cy3__Cell_CP_29.tif", "106", "174", "35745", "1135223"
"w1_HelaKyoto_Gapdh_2597_p01_cy3__Cell_CP_30.tif", "400", "166", "22080", "719716"
"w1_HelaKyoto_Gapdh_2597_p01_cy3__Cell_CP_6.tif", "607", "206", "24068", "961031"
"w1_HelaKyoto_Gapdh_2597_p01_cy3__Cell_CP_7.tif", "157", "279", "29116", "1499653"
"w1_HelaKyoto_Gapdh_2597_p01_cy3__Cell_CP_9.tif", "394", "61", "15953", "559228"
"w1_HelaKyoto_Gapdh_2597_p02_cy3__Cell_CP_10.tif", "422", "133", "61791", "1465914"
"w1_HelaKyoto_Gapdh_2597_p02_cy3__Cell_CP_11.tif", "206", "154", "79949", "3560407"
"w1_HelaKyoto_Gapdh_2597_p02_cy3__Cell_CP_12.tif", "625", "414", "86992", "2350563"
"w1_HelaKyoto_Gapdh_2597_p02_cy3__Cell_CP_13.tif", "3", "1", "29225", "3671811"
"w1_HelaKyoto_Gapdh_2597_p02_cy3__Cell_CP_16.tif", "510", "311", "43504", "2467012"
"w1_HelaKyoto_Gapdh_2597_p02_cy3__Cell_CP_17.tif", "172", "142", "93588", "2533670"
"w1_HelaKyoto_Gapdh_2597_p02_cy3__Cell_CP_18.tif", "456", "126", "42330", "479427"
"w1_HelaKyoto_Gapdh_2597_p02_cy3__Cell_CP_19.tif", "559", "216", "41101", "2450324"
"w1_HelaKyoto_Gapdh_2597_p02_cy3__Cell_CP_20.tif", "691", "576", "146455", "1546132"
"w1_HelaKyoto_Gapdh_2597_p02_cy3__Cell_CP_21.tif", "652", "223", "68357", "2457650"
"w1_HelaKyoto_Gapdh_2597_p02_cy3__Cell_CP_22.tif", "1", "1", "41603", "207080"
"w1_HelaKyoto_Gapdh_2597_p02_cy3__Cell_CP_23.tif", "417", "586", "49622", "932195"
"w1_HelaKyoto_Gapdh_2597_p02_cy3__Cell_CP_24.tif", "682", "294", "69473", "2718577"
"w1_HelaKyoto_Gapdh_2597_p02_cy3__Cell_CP_25.tif", "3", "2", "49517", "2042113"
"w1_HelaKyoto_Gapdh_2597_p02_cy3__Cell_CP_27.tif", "0", "0", "85538", "2495510"
"w1_HelaKyoto_Gapdh_2597_p02_cy3__Cell_CP_28.tif", "67", "150", "23106", "1705789"
"w1_HelaKyoto_Gapdh_2597_p02_cy3__Cell_CP_29.tif", "714", "370", "71539", "3383193"
"w1_HelaKyoto_Gapdh_2597_p02_cy3__Cell_CP_31.tif", "19", "135", "18196", "1366151"
"w1_HelaKyoto_Gapdh_2597_p02_cy3__Cell_CP_7.tif", "1", "1", "27188", "2651886"
"w1_HelaKyoto_Gapdh_2597_p02_cy3__Cell_CP_8.tif", "613", "405", "44741", "1235533"
"w1_HelaKyoto_Gapdh_2597_p03_cy3__Cell_CP_2.tif", "579", "353", "31186", "1520689"
"w1_HelaKyoto_Gapdh_2597_p03_cy3__Cell_CP_3.tif", "158", "61", "19242", "346752"
"w1_HelaKyoto_Gapdh_2597_p03_cy3__Cell_CP_4.tif", "442", "157", "30186", "693058"
"w1_HelaKyoto_Gapdh_2597_p03_cy3__Cell_CP_5.tif", "404", "228", "28617", "1040694"
"w1_HelaKyoto_Gapdh_2597_p03_cy3__Cell_CP_6.tif", "43", "239", "36273", "1021903"
"w1_HelaKyoto_Gapdh_2597_p03_cy3__Cell_CP_7.tif", "1", "1", "34996", "553201"
"w1_HelaKyoto_Gapdh_2597_p03_cy3__Cell_CP_8.tif", "627", "306", "51515", "2190480"
"w1_HelaKyoto_Gapdh_2597_p03_cy3__Cell_CP_9.tif", "495", "105", "27872", "906825"
"w1_HelaKyoto_Gapdh_2597_p04_cy3__Cell_CP_10.tif", "1", "1", "43289", "4038036"
"w1_HelaKyoto_Gapdh_2597_p04_cy3__Cell_CP_11.tif", "221", "310", "33757", "936612"
"w1_HelaKyoto_Gapdh_2597_p04_cy3__Cell_CP_12.tif", "486", "267", "30218", "998292"
"w1_HelaKyoto_Gapdh_2597_p04_cy3__Cell_CP_13.tif", "0", "0", "63700", "3456447"
"w1_HelaKyoto_Gapdh_2597_p04_cy3__Cell_CP_14.tif", "349", "228", "49833", "4267326"
"w1_HelaKyoto_Gapdh_2597_p04_cy3__Cell_CP_15.tif", "339", "458", "33426", "977321"
"w1_HelaKyoto_Gapdh_2597_p04_cy3__Cell_CP_16.tif", "735", "176", "71674", "7621028"
"w1_HelaKyoto_Gapdh_2597_p04_cy3__Cell_CP_17.tif", "239", "142", "37710", "2208987"
"w1_HelaKyoto_Gapdh_2597_p04_cy3__Cell_CP_18.tif", "944", "369", "74426", "1674232"
"w1_HelaKyoto_Gapdh_2597_p04_cy3__Cell_CP_19.tif", "585", "155", "46005", "5667443"
"w1_HelaKyoto_Gapdh_2597_p04_cy3__Cell_CP_20.tif", "684", "285", "80402", "4405727"
"w1_HelaKyoto_Gapdh_2597_p04_cy3__Cell_CP_21.tif", "334", "411", "56113", "1721618"
"w1_HelaKyoto_Gapdh_2597_p04_cy3__Cell_CP_22.tif", "6", "3", "117328", "4559543"
"w1_HelaKyoto_Gapdh_2597_p04_cy3__Cell_CP_23.tif", "56", "184", "25709", "876204"
"w1_HelaKyoto_Gapdh_2597_p04_cy3__Cell_CP_24.tif", "444", "484", "45803", "1066428"
"w1_HelaKyoto_Gapdh_2597_p04_cy3__Cell_CP_25.tif", "609", "399", "57458", "1668771"
"w1_HelaKyoto_Gapdh_2597_p04_cy3__Cell_CP_5.tif", "362", "43", "31394", "871328"
"w1_HelaKyoto_Gapdh_2597_p04_cy3__Cell_CP_6.tif", "547", "211", "51214", "1137097"
"w1_HelaKyoto_Gapdh_2597_p04_cy3__Cell_CP_7.tif", "8", "289", "58348", "4914429"
"w1_HelaKyoto_Gapdh_2597_p04_cy3__Cell_CP_8.tif", "2", "1", "34594", "930623"
"w1_HelaKyoto_Gapdh_2597_p04_cy3__Cell_CP_9.tif", "2", "291", "26909", "5558784"
"w1_HelaKyoto_Gapdh_2597_p05_cy3__Cell_CP_10.tif", "40", "144", "23393", "1877345"
"w1_HelaKyoto_Gapdh_2597_p05_cy3__Cell_CP_11.tif", "421", "335", "45487", "614258"
"w1_HelaKyoto_Gapdh_2597_p05_cy3__Cell_CP_12.tif", "14", "0", "36097", "865965"
"w1_HelaKyoto_Gapdh_2597_p05_cy3__Cell_CP_13.tif", "1", "1", "16151", "984031"
"w1_HelaKyoto_Gapdh_2597_p05_cy3__Cell_CP_14.tif", "391", "326", "43849", "443408"
"w1_HelaKyoto_Gapdh_2597_p05_cy3__Cell_CP_15.tif", "15", "96", "15151", "870125"
"w1_HelaKyoto_Gapdh_2597_p05_cy3__Cell_CP_16.tif", "329", "166", "15174", "692080"
"w1_HelaKyoto_Gapdh_2597_p05_cy3__Cell_CP_3.tif", "30", "3", "53548", "1074879"
"w1_HelaKyoto_Gapdh_2597_p05_cy3__Cell_CP_4.tif", "1", "1", "131591", "1620490"
"w1_HelaKyoto_Gapdh_2597_p05_cy3__Cell_CP_5.tif", "1", "1", "75328", "1654054"
"w1_HelaKyoto_Gapdh_2597_p05_cy3__Cell_CP_6.tif", "1", "1", "42939", "549063"
"w1_HelaKyoto_Gapdh_2597_p05_cy3__Cell_CP_7.tif", "1", "1", "69446", "4821210"
"w1_HelaKyoto_Gapdh_2597_p05_cy3__Cell_CP_8.tif", "1", "1", "53423", "1423210"
"w1_HelaKyoto_Gapdh_2597_p05_cy3__Cell_CP_9.tif", "202", "242", "34927", "1521316"
"w1_HelaKyoto_Gapdh_2597_p06_cy3__Cell_CP_10.tif", "424", "373", "70630", "1746238"
"w1_HelaKyoto_Gapdh_2597_p06_cy3__Cell_CP_11.tif", "564", "373", "56229", "1082843"
"w1_HelaKyoto_Gapdh_2597_p06_cy3__Cell_CP_12.tif", "4", "3", "78133", "1421406"
"w1_HelaKyoto_Gapdh_2597_p06_cy3__Cell_CP_3.tif", "37", "303", "54190", "1976699"
"w1_HelaKyoto_Gapdh_2597_p06_cy3__Cell_CP_4.tif", "1", "1", "58952", "3686831"
"w1_HelaKyoto_Gapdh_2597_p06_cy3__Cell_CP_5.tif", "8", "222", "19130", "2903049"
"w1_HelaKyoto_Gapdh_2597_p06_cy3__Cell_CP_6.tif", "233", "163", "18186", "1738915"
"w1_HelaKyoto_Gapdh_2597_p06_cy3__Cell_CP_7.tif", "1172", "512", "93897", "1325927"
"w1_HelaKyoto_Gapdh_2597_p07_cy3__Cell_CP_10.tif", "3", "1", "83623", "4091534"
"w1_HelaKyoto_Gapdh_2597_p07_cy3__Cell_CP_11.tif", "184", "237", "37473", "3788368"
"w1_HelaKyoto_Gapdh_2597_p07_cy3__Cell_CP_12.tif", "515", "327", "43917", "1430317"
"w1_HelaKyoto_Gapdh_2597_p07_cy3__Cell_CP_13.tif", "581", "217", "41790", "1231930"
"w1_HelaKyoto_Gapdh_2597_p07_cy3__Cell_CP_14.tif", "2", "1", "27441", "2173011"
"w1_HelaKyoto_Gapdh_2597_p07_cy3__Cell_CP_15.tif", "82", "95", "31408", "2143355"
"w1_HelaKyoto_Gapdh_2597_p07_cy3__Cell_CP_16.tif", "520", "264", "49790", "2253228"
"w1_HelaKyoto_Gapdh_2597_p07_cy3__Cell_CP_17.tif", "397", "187", "31261", "1212858"
"w1_HelaKyoto_Gapdh_2597_p07_cy3__Cell_CP_18.tif", "10", "1", "51703", "2448578"
"w1_HelaKyoto_Gapdh_2597_p07_cy3__Cell_CP_19.tif", "2", "1", "37965", "2149776"
"w1_HelaKyoto_Gapdh_2597_p07_cy3__Cell_CP_1.tif", "9", "1", "19880", "636136"
"w1_HelaKyoto_Gapdh_2597_p07_cy3__Cell_CP_20.tif", "1", "216", "42110", "1506503"
"w1_HelaKyoto_Gapdh_2597_p07_cy3__Cell_CP_23.tif", "1", "0", "34065", "785830"
"w1_HelaKyoto_Gapdh_2597_p07_cy3__Cell_CP_24.tif", "2", "0", "44645", "2133964"
"w1_HelaKyoto_Gapdh_2597_p07_cy3__Cell_CP_25.tif", "3", "2", "43126", "2104605"
"w1_HelaKyoto_Gapdh_2597_p07_cy3__Cell_CP_27.tif", "1", "0", "41207", "1389507"
"w1_HelaKyoto_Gapdh_2597_p07_cy3__Cell_CP_28.tif", "234", "112", "15727", "1769878"
"w1_HelaKyoto_Gapdh_2597_p07_cy3__Cell_CP_2.tif", "513", "96", "44172", "1303552"
"w1_HelaKyoto_Gapdh_2597_p07_cy3__Cell_CP_30.tif", "99", "213", "19455", "1951697"
"w1_HelaKyoto_Gapdh_2597_p07_cy3__Cell_CP_31.tif", "291", "104", "16452", "1190676"
"w1_HelaKyoto_Gapdh_2597_p07_cy3__Cell_CP_32.tif", "445", "69", "21100", "2039030"
"w1_HelaKyoto_Gapdh_2597_p07_cy3__Cell_CP_33.tif", "231", "257", "54819", "1976666"
"w1_HelaKyoto_Gapdh_2597_p07_cy3__Cell_CP_3.tif", "238", "159", "24979", "2258728"
"w1_HelaKyoto_Gapdh_2597_p07_cy3__Cell_CP_4.tif", "490", "405", "54890", "757040"
"w1_HelaKyoto_Gapdh_2597_p07_cy3__Cell_CP_5.tif", "415", "146", "36163", "1111356"
"w1_HelaKyoto_Gapdh_2597_p07_cy3__Cell_CP_6.tif", "517", "291", "87590", "2415444"
"w1_HelaKyoto_Gapdh_2597_p07_cy3__Cell_CP_7.tif", "151", "162", "20690", "1187835"
"w1_HelaKyoto_Gapdh_2597_p07_cy3__Cell_CP_8.tif", "9", "2", "42230", "2546337"
"w1_HelaKyoto_Gapdh_2597_p07_cy3__Cell_CP_9.tif", "754", "504", "86370", "3267610"
"w1_HelaKyoto_Gapdh_2597_p08_cy3__Cell_CP_10.tif", "364", "149", "57168", "13297479"
"w1_HelaKyoto_Gapdh_2597_p08_cy3__Cell_CP_11.tif", "519", "289", "67506", "4254442"
"w1_HelaKyoto_Gapdh_2597_p08_cy3__Cell_CP_12.tif", "571", "214", "50354", "2089586"
"w1_HelaKyoto_Gapdh_2597_p08_cy3__Cell_CP_13.tif", "234", "125", "17718", "1984100"
"w1_HelaKyoto_Gapdh_2597_p08_cy3__Cell_CP_15.tif", "1217", "987", "161375", "2291422"
"w1_HelaKyoto_Gapdh_2597_p08_cy3__Cell_CP_16.tif", "576", "338", "32919", "825531"
"w1_HelaKyoto_Gapdh_2597_p08_cy3__Cell_CP_17.tif", "602", "289", "34800", "556199"
"w1_HelaKyoto_Gapdh_2597_p08_cy3__Cell_CP_18.tif", "311", "321", "22337", "717259"
"w1_HelaKyoto_Gapdh_2597_p08_cy3__Cell_CP_19.tif", "470", "123", "23523", "394974"
"w1_HelaKyoto_Gapdh_2597_p08_cy3__Cell_CP_20.tif", "762", "451", "80401", "1607647"
"w1_HelaKyoto_Gapdh_2597_p08_cy3__Cell_CP_21.tif", "494", "153", "31000", "501057"
"w1_HelaKyoto_Gapdh_2597_p08_cy3__Cell_CP_5.tif", "621", "356", "68987", "998301"
"w1_HelaKyoto_Gapdh_2597_p08_cy3__Cell_CP_6.tif", "1082", "519", "53516", "2010397"
"w1_HelaKyoto_Gapdh_2597_p08_cy3__Cell_CP_7.tif", "118", "131", "17587", "2366508"
"w1_HelaKyoto_Gapdh_2597_p08_cy3__Cell_CP_8.tif", "1", "1", "19354", "3867248"
"w1_HelaKyoto_Gapdh_2597_p09_cy3__Cell_CP_10.tif", "1", "1", "48078", "692060"
"w1_HelaKyoto_Gapdh_2597_p09_cy3__Cell_CP_11.tif", "327", "304", "25352", "512617"
"w1_HelaKyoto_Gapdh_2597_p09_cy3__Cell_CP_12.tif", "581", "143", "20991", "1289467"
"w1_HelaKyoto_Gapdh_2597_p09_cy3__Cell_CP_13.tif", "698", "413", "63436", "2812136"
"w1_HelaKyoto_Gapdh_2597_p09_cy3__Cell_CP_14.tif", "893", "377", "55643", "2092214"
"w1_HelaKyoto_Gapdh_2597_p09_cy3__Cell_CP_1.tif", "740", "225", "42375", "924518"
"w1_HelaKyoto_Gapdh_2597_p09_cy3__Cell_CP_2.tif", "738", "222", "42578", "882078"
"w1_HelaKyoto_Gapdh_2597_p09_cy3__Cell_CP_3.tif", "234", "122", "13020", "826862"
"w1_HelaKyoto_Gapdh_2597_p09_cy3__Cell_CP_4.tif", "84", "114", "20262", "1328351"
"w1_HelaKyoto_Gapdh_2597_p09_cy3__Cell_CP_5.tif", "271", "55", "16496", "1135331"
"w1_HelaKyoto_Gapdh_2597_p09_cy3__Cell_CP_6.tif", "532", "252", "41654", "1979415"
"w1_HelaKyoto_Gapdh_2597_p09_cy3__Cell_CP_7.tif", "710", "427", "83709", "1548834"
"w1_HelaKyoto_Gapdh_2597_p09_cy3__Cell_CP_8.tif", "212", "123", "19402", "695475"
"w1_HelaKyoto_Gapdh_2597_p09_cy3__Cell_CP_9.tif", "544", "359", "56341", "1206628"
"w1_HelaKyoto_Gapdh_2597_p10_cy3__Cell_CP_10.tif", "0", "0", "15626", "813384"
"w1_HelaKyoto_Gapdh_2597_p10_cy3__Cell_CP_12.tif", "619", "368", "42508", "1318997"
"w1_HelaKyoto_Gapdh_2597_p10_cy3__Cell_CP_13.tif", "1", "1", "46241", "1946690"
"w1_HelaKyoto_Gapdh_2597_p10_cy3__Cell_CP_14.tif", "116", "329", "41496", "1744026"
"w1_HelaKyoto_Gapdh_2597_p10_cy3__Cell_CP_15.tif", "253", "168", "41394", "3641790"
"w1_HelaKyoto_Gapdh_2597_p10_cy3__Cell_CP_16.tif", "276", "190", "23472", "1584964"
"w1_HelaKyoto_Gapdh_2597_p10_cy3__Cell_CP_17.tif", "1", "0", "50343", "4467759"
"w1_HelaKyoto_Gapdh_2597_p10_cy3__Cell_CP_18.tif", "13", "146", "17868", "1483374"
"w1_HelaKyoto_Gapdh_2597_p10_cy3__Cell_CP_4.tif", "4", "81", "16236", "950198"
"w1_HelaKyoto_Gapdh_2597_p10_cy3__Cell_CP_6.tif", "319", "30", "19488", "984314"
"w1_HelaKyoto_Gapdh_2597_p10_cy3__Cell_CP_7.tif", "475", "273", "30242", "1100886"
"w1_HelaKyoto_Gapdh_2597_p10_cy3__Cell_CP_8.tif", "482", "231", "38974", "1869147"
"w1_HelaKyoto_Gapdh_2597_p10_cy3__Cell_CP_9.tif", "366", "277", "34066", "862603"
"w1_HelaKyoto_Gapdh_2597_p11_cy3__Cell_CP_10.tif", "679", "461", "55140", "1898224"
"w1_HelaKyoto_Gapdh_2597_p11_cy3__Cell_CP_11.tif", "416", "487", "59445", "3057110"
"w1_HelaKyoto_Gapdh_2597_p11_cy3__Cell_CP_12.tif", "720", "279", "61730", "2497792"
"w1_HelaKyoto_Gapdh_2597_p11_cy3__Cell_CP_13.tif", "236", "178", "15370", "886205"
"w1_HelaKyoto_Gapdh_2597_p11_cy3__Cell_CP_14.tif", "265", "144", "19972", "658618"
"w1_HelaKyoto_Gapdh_2597_p11_cy3__Cell_CP_15.tif", "13", "1", "7211", "204095"
"w1_HelaKyoto_Gapdh_2597_p11_cy3__Cell_CP_16.tif", "35", "335", "55475", "1944119"
"w1_HelaKyoto_Gapdh_2597_p11_cy3__Cell_CP_17.tif", "358", "192", "16936", "894874"
"w1_HelaKyoto_Gapdh_2597_p11_cy3__Cell_CP_18.tif", "229", "208", "39258", "1044044"
"w1_HelaKyoto_Gapdh_2597_p11_cy3__Cell_CP_19.tif", "212", "201", "48635", "2540961"
"w1_HelaKyoto_Gapdh_2597_p11_cy3__Cell_CP_21.tif", "206", "224", "51361", "776796"
"w1_HelaKyoto_Gapdh_2597_p11_cy3__Cell_CP_3.tif", "586", "613", "39785", "910765"
"w1_HelaKyoto_Gapdh_2597_p11_cy3__Cell_CP_4.tif", "671", "275", "33550", "595809"
"w1_HelaKyoto_Gapdh_2597_p11_cy3__Cell_CP_5.tif", "3", "1", "30443", "1289943"
"w1_HelaKyoto_Gapdh_2597_p11_cy3__Cell_CP_6.tif", "422", "128", "20059", "897270"
"w1_HelaKyoto_Gapdh_2597_p11_cy3__Cell_CP_7.tif", "636", "536", "67741", "1087201"
"w1_HelaKyoto_Gapdh_2597_p11_cy3__Cell_CP_8.tif", "766", "351", "70224", "5170452"
"w1_HelaKyoto_Gapdh_2597_p11_cy3__Cell_CP_9.tif", "707", "389", "50656", "919448"
"w1_HelaKyoto_Gapdh_2597_p12_cy3__Cell_CP_10.tif", "1", "1", "157899", "7540299"
"w1_HelaKyoto_Gapdh_2597_p12_cy3__Cell_CP_12.tif", "391", "120", "26862", "1960271"
"w1_HelaKyoto_Gapdh_2597_p12_cy3__Cell_CP_13.tif", "498", "185", "25864", "1353888"
"w1_HelaKyoto_Gapdh_2597_p12_cy3__Cell_CP_14.tif", "5", "5", "17550", "2170479"
"w1_HelaKyoto_Gapdh_2597_p12_cy3__Cell_CP_15.tif", "567", "189", "20328", "3064565"
"w1_HelaKyoto_Gapdh_2597_p12_cy3__Cell_CP_16.tif", "298", "135", "22082", "1597080"
"w1_HelaKyoto_Gapdh_2597_p12_cy3__Cell_CP_17.tif", "831", "420", "91660", "6765970"
"w1_HelaKyoto_Gapdh_2597_p12_cy3__Cell_CP_18.tif", "2", "1", "11043", "218632"
"w1_HelaKyoto_Gapdh_2597_p12_cy3__Cell_CP_19.tif", "334", "150", "26633", "1721685"
"w1_HelaKyoto_Gapdh_2597_p12_cy3__Cell_CP_20.tif", "55", "100", "20590", "1528703"
"w1_HelaKyoto_Gapdh_2597_p12_cy3__Cell_CP_21.tif", "531", "152", "51881", "1560394"
"w1_HelaKyoto_Gapdh_2597_p12_cy3__Cell_CP_22.tif", "317", "141", "12894", "528764"
"w1_HelaKyoto_Gapdh_2597_p12_cy3__Cell_CP_24.tif", "553", "150", "57654", "3538407"
"w1_HelaKyoto_Gapdh_2597_p12_cy3__Cell_CP_26.tif", "540", "318", "32142", "716995"
"w1_HelaKyoto_Gapdh_2597_p12_cy3__Cell_CP_27.tif", "535", "492", "119902", "1090087"
"w1_HelaKyoto_Gapdh_2597_p12_cy3__Cell_CP_28.tif", "139", "76", "22022", "1762187"
"w1_HelaKyoto_Gapdh_2597_p12_cy3__Cell_CP_29.tif", "374", "215", "40627", "1707423"
"w1_HelaKyoto_Gapdh_2597_p12_cy3__Cell_CP_32.tif", "754", "331", "59790", "4900056"
"w1_HelaKyoto_Gapdh_2597_p12_cy3__Cell_CP_5.tif", "114", "1", "20123", "3089899"
"w1_HelaKyoto_Gapdh_2597_p12_cy3__Cell_CP_7.tif", "443", "133", "16344", "4361417"
"w1_HelaKyoto_Gapdh_2597_p12_cy3__Cell_CP_8.tif", "801", "507", "52262", "2971092"
"w1_HelaKyoto_Gapdh_2597_p13_cy3__Cell_CP_11.tif", "327", "62", "16886", "1285713"
"w1_HelaKyoto_Gapdh_2597_p13_cy3__Cell_CP_12.tif", "478", "261", "23937", "660417"
"w1_HelaKyoto_Gapdh_2597_p13_cy3__Cell_CP_14.tif", "63", "87", "17692", "1104417"
"w1_HelaKyoto_Gapdh_2597_p13_cy3__Cell_CP_15.tif", "463", "318", "47284", "1987161"
"w1_HelaKyoto_Gapdh_2597_p13_cy3__Cell_CP_16.tif", "403", "261", "64594", "491072"
"w1_HelaKyoto_Gapdh_2597_p13_cy3__Cell_CP_17.tif", "500", "326", "71860", "1628660"
"w1_HelaKyoto_Gapdh_2597_p13_cy3__Cell_CP_18.tif", "409", "81", "15348", "470883"
"w1_HelaKyoto_Gapdh_2597_p13_cy3__Cell_CP_19.tif", "5", "38", "9688", "209930"
"w1_HelaKyoto_Gapdh_2597_p13_cy3__Cell_CP_20.tif", "673", "282", "26024", "1123699"
"w1_HelaKyoto_Gapdh_2597_p13_cy3__Cell_CP_3.tif", "39", "193", "35640", "7762987"
"w1_HelaKyoto_Gapdh_2597_p13_cy3__Cell_CP_5.tif", "158", "119", "65966", "2580872"
"w1_HelaKyoto_Gapdh_2597_p13_cy3__Cell_CP_7.tif", "265", "110", "15846", "398769"
"w1_HelaKyoto_Gapdh_2597_p14_cy3__Cell_CP_10.tif", "360", "310", "39307", "1415086"
"w1_HelaKyoto_Gapdh_2597_p14_cy3__Cell_CP_11.tif", "578", "380", "73395", "1774527"
"w1_HelaKyoto_Gapdh_2597_p14_cy3__Cell_CP_12.tif", "412", "80", "19550", "1538697"
"w1_HelaKyoto_Gapdh_2597_p14_cy3__Cell_CP_13.tif", "12", "177", "29923", "657082"
"w1_HelaKyoto_Gapdh_2597_p14_cy3__Cell_CP_14.tif", "478", "166", "31725", "6033193"
"w1_HelaKyoto_Gapdh_2597_p14_cy3__Cell_CP_16.tif", "163", "90", "17723", "9355011"
"w1_HelaKyoto_Gapdh_2597_p14_cy3__Cell_CP_17.tif", "523", "215", "37342", "1248710"
"w1_HelaKyoto_Gapdh_2597_p14_cy3__Cell_CP_18.tif", "0", "1", "50322", "1845555"
"w1_HelaKyoto_Gapdh_2597_p14_cy3__Cell_CP_19.tif", "478", "251", "40098", "4255419"
"w1_HelaKyoto_Gapdh_2597_p14_cy3__Cell_CP_20.tif", "438", "391", "34277", "1290765"
"w1_HelaKyoto_Gapdh_2597_p14_cy3__Cell_CP_22.tif", "703", "287", "54997", "5099337"
"w1_HelaKyoto_Gapdh_2597_p14_cy3__Cell_CP_23.tif", "509", "219", "27805", "4383915"
"w1_HelaKyoto_Gapdh_2597_p14_cy3__Cell_CP_24.tif", "32", "1", "46799", "4609835"
"w1_HelaKyoto_Gapdh_2597_p14_cy3__Cell_CP_25.tif", "362", "232", "22815", "1655673"
"w1_HelaKyoto_Gapdh_2597_p14_cy3__Cell_CP_27.tif", "293", "172", "12567", "297695"
"w1_HelaKyoto_Gapdh_2597_p14_cy3__Cell_CP_28.tif", "862", "355", "56623", "5074216"
"w1_HelaKyoto_Gapdh_2597_p14_cy3__Cell_CP_29.tif", "298", "124", "19730", "2505640"
"w1_HelaKyoto_Gapdh_2597_p14_cy3__Cell_CP_30.tif", "222", "494", "63057", "1365304"
"w1_HelaKyoto_Gapdh_2597_p14_cy3__Cell_CP_31.tif", "359", "63", "18065", "584076"
"w1_HelaKyoto_Gapdh_2597_p14_cy3__Cell_CP_33.tif", "172", "214", "9039", "300982"
"w1_HelaKyoto_Gapdh_2597_p14_cy3__Cell_CP_34.tif", "56", "89", "19154", "873616"
"w1_HelaKyoto_Gapdh_2597_p14_cy3__Cell_CP_3.tif", "0", "0", "40072", "961868"
"w1_HelaKyoto_Gapdh_2597_p14_cy3__Cell_CP_4.tif", "1", "1", "15297", "658084"
"w1_HelaKyoto_Gapdh_2597_p14_cy3__Cell_CP_5.tif", "445", "210", "33638", "804237"
"w1_HelaKyoto_Gapdh_2597_p14_cy3__Cell_CP_6.tif", "16", "1", "82862", "2302776"
"w1_HelaKyoto_Gapdh_2597_p14_cy3__Cell_CP_7.tif", "544", "472", "45826", "1784805"
"w1_HelaKyoto_Gapdh_2597_p14_cy3__Cell_CP_8.tif", "0", "0", "18355", "600921"
"w1_HelaKyoto_Gapdh_2597_p15_cy3__Cell_CP_10.tif", "1", "1", "13252", "559885"
"w1_HelaKyoto_Gapdh_2597_p15_cy3__Cell_CP_11.tif", "88", "52", "12904", "837800"
"w1_HelaKyoto_Gapdh_2597_p15_cy3__Cell_CP_12.tif", "194", "146", "11369", "560336"
"w1_HelaKyoto_Gapdh_2597_p15_cy3__Cell_CP_13.tif", "1", "34", "18486", "429055"
"w1_HelaKyoto_Gapdh_2597_p15_cy3__Cell_CP_14.tif", "1", "1", "44317", "1529377"
"w1_HelaKyoto_Gapdh_2597_p15_cy3__Cell_CP_15.tif", "485", "238", "45051", "2630821"
"w1_HelaKyoto_Gapdh_2597_p15_cy3__Cell_CP_16.tif", "1", "124", "36573", "1018127"
"w1_HelaKyoto_Gapdh_2597_p15_cy3__Cell_CP_17.tif", "179", "47", "12961", "414226"
"w1_HelaKyoto_Gapdh_2597_p15_cy3__Cell_CP_18.tif", "289", "105", "16513", "1461605"
"w1_HelaKyoto_Gapdh_2597_p15_cy3__Cell_CP_19.tif", "1", "1", "86075", "3489077"
"w1_HelaKyoto_Gapdh_2597_p15_cy3__Cell_CP_1.tif", "396", "274", "22364", "14963387"
"w1_HelaKyoto_Gapdh_2597_p15_cy3__Cell_CP_20.tif", "1002", "814", "81405", "3929525"
"w1_HelaKyoto_Gapdh_2597_p15_cy3__Cell_CP_22.tif", "478", "316", "39977", "1917530"
"w1_HelaKyoto_Gapdh_2597_p15_cy3__Cell_CP_26.tif", "672", "486", "47803", "1418496"
"w1_HelaKyoto_Gapdh_2597_p15_cy3__Cell_CP_29.tif", "35", "43", "56820", "1386113"
"w1_HelaKyoto_Gapdh_2597_p15_cy3__Cell_CP_3.tif", "60", "60", "22158", "4010541"
"w1_HelaKyoto_Gapdh_2597_p15_cy3__Cell_CP_4.tif", "1", "118", "19150", "11540598"
"w1_HelaKyoto_Gapdh_2597_p15_cy3__Cell_CP_5.tif", "506", "375", "44005", "4090446"
"w1_HelaKyoto_Gapdh_2597_p15_cy3__Cell_CP_6.tif", "774", "91", "51425", "1003667"
"w1_HelaKyoto_Gapdh_2597_p15_cy3__Cell_CP_7.tif", "503", "233", "26177", "2155192"
"w1_HelaKyoto_Gapdh_2597_p15_cy3__Cell_CP_8.tif", "257", "30", "25676", "1334581"
"w1_HelaKyoto_Gapdh_2597_p15_cy3__Cell_CP_9.tif", "1006", "709", "92915", "6647671"
"w1_HelaKyoto_Gapdh_2597_p16_cy3__Cell_CP_12.tif", "252", "57", "20848", "524508"
"w1_HelaKyoto_Gapdh_2597_p16_cy3__Cell_CP_13.tif", "123", "743", "107090", "4347538"
"w1_HelaKyoto_Gapdh_2597_p16_cy3__Cell_CP_14.tif", "369", "281", "26845", "561056"
"w1_HelaKyoto_Gapdh_2597_p16_cy3__Cell_CP_16.tif", "483", "301", "35446", "896228"
"w1_HelaKyoto_Gapdh_2597_p16_cy3__Cell_CP_17.tif", "293", "93", "11790", "1526902"
"w1_HelaKyoto_Gapdh_2597_p16_cy3__Cell_CP_18.tif", "576", "296", "62413", "3163838"
"w1_HelaKyoto_Gapdh_2597_p16_cy3__Cell_CP_19.tif", "279", "66", "19533", "6038773"
"w1_HelaKyoto_Gapdh_2597_p16_cy3__Cell_CP_20.tif", "759", "337", "38252", "6251718"
"w1_HelaKyoto_Gapdh_2597_p16_cy3__Cell_CP_21.tif", "803", "502", "67797", "2286129"
"w1_HelaKyoto_Gapdh_2597_p16_cy3__Cell_CP_5.tif", "410", "354", "33566", "1052880"
"w1_HelaKyoto_Gapdh_2597_p17_cy3__Cell_CP_10.tif", "844", "772", "60310", "2445289"
"w1_HelaKyoto_Gapdh_2597_p17_cy3__Cell_CP_11.tif", "475", "223", "25452", "1355790"
"w1_HelaKyoto_Gapdh_2597_p17_cy3__Cell_CP_13.tif", "440", "188", "25544", "997816"
"w1_HelaKyoto_Gapdh_2597_p17_cy3__Cell_CP_14.tif", "233", "353", "31147", "1894168"
"w1_HelaKyoto_Gapdh_2597_p17_cy3__Cell_CP_15.tif", "205", "189", "7230", "249683"
"w1_HelaKyoto_Gapdh_2597_p17_cy3__Cell_CP_16.tif", "346", "112", "21042", "396596"
"w1_HelaKyoto_Gapdh_2597_p17_cy3__Cell_CP_18.tif", "38", "1", "12601", "864652"
"w1_HelaKyoto_Gapdh_2597_p17_cy3__Cell_CP_19.tif", "187", "182", "7815", "274707"
"w1_HelaKyoto_Gapdh_2597_p17_cy3__Cell_CP_1.tif", "657", "697", "54881", "913349"
"w1_HelaKyoto_Gapdh_2597_p17_cy3__Cell_CP_2.tif", "0", "1", "47839", "965249"
"w1_HelaKyoto_Gapdh_2597_p17_cy3__Cell_CP_6.tif", "827", "510", "75058", "697259"
"w1_HelaKyoto_Gapdh_2597_p17_cy3__Cell_CP_7.tif", "455", "396", "56479", "1199174"
"w1_HelaKyoto_Gapdh_2597_p17_cy3__Cell_CP_8.tif", "360", "170", "23931", "1325917"
"w1_HelaKyoto_Gapdh_2597_p17_cy3__Cell_CP_9.tif", "636", "245", "34494", "728484"
"w1_HelaKyoto_Gapdh_2597_p18_cy3__Cell_CP_10.tif", "422", "438", "39417", "1240878"
"w1_HelaKyoto_Gapdh_2597_p18_cy3__Cell_CP_12.tif", "28", "116", "40168", "2824986"
"w1_HelaKyoto_Gapdh_2597_p18_cy3__Cell_CP_13.tif", "508", "228", "33120", "2219021"
"w1_HelaKyoto_Gapdh_2597_p18_cy3__Cell_CP_15.tif", "655", "509", "73896", "3626872"
"w1_HelaKyoto_Gapdh_2597_p18_cy3__Cell_CP_16.tif", "50", "54", "42328", "2987222"
"w1_HelaKyoto_Gapdh_2597_p18_cy3__Cell_CP_17.tif", "714", "453", "49881", "2775773"
"w1_HelaKyoto_Gapdh_2597_p18_cy3__Cell_CP_18.tif", "2", "604", "55675", "3843782"
"w1_HelaKyoto_Gapdh_2597_p18_cy3__Cell_CP_19.tif", "193", "40", "59207", "2312515"
"w1_HelaKyoto_Gapdh_2597_p18_cy3__Cell_CP_1.tif", "1", "1", "34539", "767149"
"w1_HelaKyoto_Gapdh_2597_p18_cy3__Cell_CP_20.tif", "1", "1", "48418", "2326147"
"w1_HelaKyoto_Gapdh_2597_p18_cy3__Cell_CP_21.tif", "128", "80", "30061", "2089209"
"w1_HelaKyoto_Gapdh_2597_p18_cy3__Cell_CP_23.tif", "856", "403", "54673", "1921984"
"w1_HelaKyoto_Gapdh_2597_p18_cy3__Cell_CP_24.tif", "1", "1", "52215", "1499229"
"w1_HelaKyoto_Gapdh_2597_p18_cy3__Cell_CP_2.tif", "387", "248", "19917", "917150"
"w1_HelaKyoto_Gapdh_2597_p18_cy3__Cell_CP_3.tif", "234", "179", "17940", "1724849"
"w1_HelaKyoto_Gapdh_2597_p18_cy3__Cell_CP_4.tif", "699", "325", "43628", "1654323"
"w1_HelaKyoto_Gapdh_2597_p18_cy3__Cell_CP_5.tif", "302", "71", "15575", "897801"
"w1_HelaKyoto_Gapdh_2597_p18_cy3__Cell_CP_6.tif", "1155", "625", "99514", "3174943"
"w1_HelaKyoto_Gapdh_2597_p18_cy3__Cell_CP_7.tif", "272", "151", "22400", "524157"
"w1_HelaKyoto_Gapdh_2597_p18_cy3__Cell_CP_8.tif", "343", "234", "94589", "3002377"
"w1_HelaKyoto_Gapdh_2597_p18_cy3__Cell_CP_9.tif", "498", "288", "32734", "1029607"
"w1_HelaKyoto_Gapdh_2597_p19_cy3__Cell_CP_10.tif", "454", "306", "43965", "1620854"
"w1_HelaKyoto_Gapdh_2597_p19_cy3__Cell_CP_11.tif", "111", "397", "73960", "2722008"
"w1_HelaKyoto_Gapdh_2597_p19_cy3__Cell_CP_12.tif", "292", "60", "19639", "1481889"
"w1_HelaKyoto_Gapdh_2597_p19_cy3__Cell_CP_13.tif", "102", "276", "44382", "3585341"
"w1_HelaKyoto_Gapdh_2597_p19_cy3__Cell_CP_14.tif", "754", "373", "49211", "1488386"
"w1_HelaKyoto_Gapdh_2597_p19_cy3__Cell_CP_15.tif", "416", "303", "25546", "757943"
"w1_HelaKyoto_Gapdh_2597_p19_cy3__Cell_CP_16.tif", "510", "292", "20540", "633831"
"w1_HelaKyoto_Gapdh_2597_p19_cy3__Cell_CP_17.tif", "263", "90", "16717", "970844"
"w1_HelaKyoto_Gapdh_2597_p19_cy3__Cell_CP_18.tif", "61", "1", "18704", "969844"
"w1_HelaKyoto_Gapdh_2597_p19_cy3__Cell_CP_19.tif", "327", "157", "22414", "1428218"
"w1_HelaKyoto_Gapdh_2597_p19_cy3__Cell_CP_1.tif", "585", "382", "35456", "1155308"
"w1_HelaKyoto_Gapdh_2597_p19_cy3__Cell_CP_20.tif", "801", "495", "56610", "3010913"
"w1_HelaKyoto_Gapdh_2597_p19_cy3__Cell_CP_3.tif", "468", "485", "34498", "965281"
"w1_HelaKyoto_Gapdh_2597_p19_cy3__Cell_CP_4.tif", "605", "501", "79510", "1522179"
"w1_HelaKyoto_Gapdh_2597_p19_cy3__Cell_CP_7.tif", "448", "125", "22023", "589568"
"w1_HelaKyoto_Gapdh_2597_p19_cy3__Cell_CP_8.tif", "40", "58", "28367", "1651280"
"w1_HelaKyoto_Gapdh_2597_p19_cy3__Cell_CP_9.tif", "422", "218", "23010", "523933"
"w1_HelaKyoto_Gapdh_2597_p20_cy3__Cell_CP_10.tif", "539", "151", "43389", "12071677"
"w1_HelaKyoto_Gapdh_2597_p20_cy3__Cell_CP_11.tif", "336", "254", "76703", "5522928"
"w1_HelaKyoto_Gapdh_2597_p20_cy3__Cell_CP_12.tif", "317", "361", "35088", "789788"
"w1_HelaKyoto_Gapdh_2597_p20_cy3__Cell_CP_13.tif", "371", "496", "38153", "616038"
"w1_HelaKyoto_Gapdh_2597_p20_cy3__Cell_CP_15.tif", "134", "208", "28893", "1642037"
"w1_HelaKyoto_Gapdh_2597_p20_cy3__Cell_CP_16.tif", "117", "204", "14355", "1334957"
"w1_HelaKyoto_Gapdh_2597_p20_cy3__Cell_CP_18.tif", "395", "362", "35426", "1067263"
"w1_HelaKyoto_Gapdh_2597_p20_cy3__Cell_CP_19.tif", "341", "142", "12153", "683994"
"w1_HelaKyoto_Gapdh_2597_p20_cy3__Cell_CP_20.tif", "240", "390", "26857", "914131"
"w1_HelaKyoto_Gapdh_2597_p20_cy3__Cell_CP_21.tif", "18", "39", "19008", "3474125"
"w1_HelaKyoto_Gapdh_2597_p20_cy3__Cell_CP_24.tif", "2", "1", "71166", "21254209"
"w1_HelaKyoto_Gapdh_2597_p20_cy3__Cell_CP_26.tif", "919", "502", "86548", "6097981"
"w1_HelaKyoto_Gapdh_2597_p20_cy3__Cell_CP_27.tif", "1012", "579", "87729", "18878404"
"w1_HelaKyoto_Gapdh_2597_p20_cy3__Cell_CP_28.tif", "368", "275", "36321", "3146509"
"w1_HelaKyoto_Gapdh_2597_p20_cy3__Cell_CP_29.tif", "472", "107", "30287", "8322968"
"w1_HelaKyoto_Gapdh_2597_p20_cy3__Cell_CP_30.tif", "598", "202", "45319", "5725552"
"w1_HelaKyoto_Gapdh_2597_p20_cy3__Cell_CP_32.tif", "229", "203", "17431", "2486403"
"w1_HelaKyoto_Gapdh_2597_p20_cy3__Cell_CP_33.tif", "654", "392", "71882", "4074638"
"w1_HelaKyoto_Gapdh_2597_p20_cy3__Cell_CP_35.tif", "420", "433", "39555", "3596585"
"w1_HelaKyoto_Gapdh_2597_p20_cy3__Cell_CP_36.tif", "230", "91", "20949", "9569728"
"w1_HelaKyoto_Gapdh_2597_p20_cy3__Cell_CP_38.tif", "1", "102", "16001", "3221268"
"w1_HelaKyoto_Gapdh_2597_p20_cy3__Cell_CP_39.tif", "586", "244", "57794", "7459771"
"w1_HelaKyoto_Gapdh_2597_p20_cy3__Cell_CP_3.tif", "267", "46", "15451", "6011847"
"w1_HelaKyoto_Gapdh_2597_p20_cy3__Cell_CP_41.tif", "199", "200", "88466", "1388281"
"w1_HelaKyoto_Gapdh_2597_p20_cy3__Cell_CP_42.tif", "230", "136", "35366", "2057094"
"w1_HelaKyoto_Gapdh_2597_p20_cy3__Cell_CP_43.tif", "375", "116", "34489", "332897"
"w1_HelaKyoto_Gapdh_2597_p20_cy3__Cell_CP_44.tif", "264", "207", "41969", "8005418"
"w1_HelaKyoto_Gapdh_2597_p20_cy3__Cell_CP_4.tif", "388", "566", "35008", "1045066"
"w1_HelaKyoto_Gapdh_2597_p20_cy3__Cell_CP_6.tif", "377", "114", "18343", "3422513"
"w1_HelaKyoto_Gapdh_2597_p20_cy3__Cell_CP_8.tif", "808", "360", "57742", "6717489"
"w1_HelaKyoto_Gapdh_2597_p20_cy3__Cell_CP_9.tif", "165", "175", "38255", "5535924"
"w1_HelaKyoto_Gapdh_2597_p21_cy3__Cell_CP_10.tif", "295", "50", "44749", "4653561"
"w1_HelaKyoto_Gapdh_2597_p21_cy3__Cell_CP_11.tif", "370", "244", "29991", "732332"
"w1_HelaKyoto_Gapdh_2597_p21_cy3__Cell_CP_13.tif", "18", "160", "18370", "2780414"
"w1_HelaKyoto_Gapdh_2597_p21_cy3__Cell_CP_14.tif", "261", "163", "49212", "2862888"
"w1_HelaKyoto_Gapdh_2597_p21_cy3__Cell_CP_15.tif", "1", "1", "59339", "4771328"
"w1_HelaKyoto_Gapdh_2597_p21_cy3__Cell_CP_16.tif", "363", "300", "29123", "956812"
"w1_HelaKyoto_Gapdh_2597_p21_cy3__Cell_CP_18.tif", "551", "495", "59814", "1821086"
"w1_HelaKyoto_Gapdh_2597_p21_cy3__Cell_CP_19.tif", "772", "496", "85808", "4366016"
"w1_HelaKyoto_Gapdh_2597_p21_cy3__Cell_CP_20.tif", "258", "93", "17853", "858494"
"w1_HelaKyoto_Gapdh_2597_p21_cy3__Cell_CP_21.tif", "522", "252", "41955", "3835843"
"w1_HelaKyoto_Gapdh_2597_p21_cy3__Cell_CP_22.tif", "365", "183", "58150", "3154806"
"w1_HelaKyoto_Gapdh_2597_p21_cy3__Cell_CP_23.tif", "1", "1", "67820", "4879317"
"w1_HelaKyoto_Gapdh_2597_p21_cy3__Cell_CP_24.tif", "338", "99", "13501", "6203985"
"w1_HelaKyoto_Gapdh_2597_p21_cy3__Cell_CP_25.tif", "402", "311", "57041", "3021859"
"w1_HelaKyoto_Gapdh_2597_p21_cy3__Cell_CP_26.tif", "351", "125", "19126", "927958"
"w1_HelaKyoto_Gapdh_2597_p21_cy3__Cell_CP_27.tif", "443", "380", "45821", "1251206"
"w1_HelaKyoto_Gapdh_2597_p21_cy3__Cell_CP_28.tif", "923", "500", "79063", "2738180"
"w1_HelaKyoto_Gapdh_2597_p21_cy3__Cell_CP_29.tif", "474", "272", "74079", "2283496"
"w1_HelaKyoto_Gapdh_2597_p21_cy3__Cell_CP_2.tif", "319", "416", "38574", "6033506"
"w1_HelaKyoto_Gapdh_2597_p21_cy3__Cell_CP_30.tif", "507", "419", "37376", "1070176"
"w1_HelaKyoto_Gapdh_2597_p21_cy3__Cell_CP_31.tif", "390", "228", "45365", "2569982"
"w1_HelaKyoto_Gapdh_2597_p21_cy3__Cell_CP_32.tif", "355", "398", "37032", "995299"
"w1_HelaKyoto_Gapdh_2597_p21_cy3__Cell_CP_33.tif", "333", "330", "62195", "2237368"
"w1_HelaKyoto_Gapdh_2597_p21_cy3__Cell_CP_34.tif", "495", "235", "40894", "2449525"
"w1_HelaKyoto_Gapdh_2597_p21_cy3__Cell_CP_36.tif", "324", "96", "19169", "599935"
"w1_HelaKyoto_Gapdh_2597_p21_cy3__Cell_CP_37.tif", "0", "0", "62401", "2755535"
"w1_HelaKyoto_Gapdh_2597_p21_cy3__Cell_CP_38.tif", "0", "0", "30191", "970562"
"w1_HelaKyoto_Gapdh_2597_p21_cy3__Cell_CP_39.tif", "904", "219", "48500", "5703953"
"w1_HelaKyoto_Gapdh_2597_p21_cy3__Cell_CP_3.tif", "443", "92", "21503", "4236425"
"w1_HelaKyoto_Gapdh_2597_p21_cy3__Cell_CP_4.tif", "419", "265", "33169", "734334"
"w1_HelaKyoto_Gapdh_2597_p21_cy3__Cell_CP_5.tif", "576", "49", "26298", "2771793"
"w1_HelaKyoto_Gapdh_2597_p21_cy3__Cell_CP_6.tif", "505", "364", "34168", "3746265"
"w1_HelaKyoto_Gapdh_2597_p21_cy3__Cell_CP_7.tif", "310", "310", "30303", "543159"
"w1_HelaKyoto_Gapdh_2597_p21_cy3__Cell_CP_8.tif", "995", "353", "52865", "6486620"
"w1_HelaKyoto_Gapdh_2597_p21_cy3__Cell_CP_9.tif", "478", "145", "18982", "4057887"
"w1_HelaKyoto_Gapdh_2597_p22_cy3__Cell_CP_11.tif", "1", "1", "33555", "696408"
"w1_HelaKyoto_Gapdh_2597_p22_cy3__Cell_CP_12.tif", "265", "501", "31437", "686754"
"w1_HelaKyoto_Gapdh_2597_p22_cy3__Cell_CP_13.tif", "38", "209", "14428", "1955806"
"w1_HelaKyoto_Gapdh_2597_p22_cy3__Cell_CP_14.tif", "355", "370", "36864", "1995973"
"w1_HelaKyoto_Gapdh_2597_p22_cy3__Cell_CP_15.tif", "70", "199", "24248", "3691538"
"w1_HelaKyoto_Gapdh_2597_p22_cy3__Cell_CP_18.tif", "755", "523", "51654", "3471247"
"w1_HelaKyoto_Gapdh_2597_p22_cy3__Cell_CP_19.tif", "695", "183", "121655", "5252996"
"w1_HelaKyoto_Gapdh_2597_p22_cy3__Cell_CP_20.tif", "282", "83", "45102", "1435140"
"w1_HelaKyoto_Gapdh_2597_p22_cy3__Cell_CP_21.tif", "1", "1", "61518", "3352431"
"w1_HelaKyoto_Gapdh_2597_p22_cy3__Cell_CP_23.tif", "10", "1", "54474", "2894755"
"w1_HelaKyoto_Gapdh_2597_p22_cy3__Cell_CP_24.tif", "2", "1", "64574", "3108969"
"w1_HelaKyoto_Gapdh_2597_p22_cy3__Cell_CP_25.tif", "455", "179", "17266", "1918819"
"w1_HelaKyoto_Gapdh_2597_p22_cy3__Cell_CP_26.tif", "9", "1", "73058", "3108190"
"w1_HelaKyoto_Gapdh_2597_p22_cy3__Cell_CP_27.tif", "25", "1", "19481", "1011453"
"w1_HelaKyoto_Gapdh_2597_p22_cy3__Cell_CP_28.tif", "420", "283", "20563", "3417539"
"w1_HelaKyoto_Gapdh_2597_p22_cy3__Cell_CP_29.tif", "391", "125", "16657", "1124964"
"w1_HelaKyoto_Gapdh_2597_p22_cy3__Cell_CP_30.tif", "126", "193", "16422", "2088835"
"w1_HelaKyoto_Gapdh_2597_p22_cy3__Cell_CP_31.tif", "1", "1", "39552", "1364464"
"w1_HelaKyoto_Gapdh_2597_p22_cy3__Cell_CP_32.tif", "392", "219", "54739", "3407084"
"w1_HelaKyoto_Gapdh_2597_p22_cy3__Cell_CP_33.tif", "320", "226", "20081", "1378048"
"w1_HelaKyoto_Gapdh_2597_p22_cy3__Cell_CP_34.tif", "115", "55", "17795", "334608"
"w1_HelaKyoto_Gapdh_2597_p22_cy3__Cell_CP_35.tif", "410", "121", "23475", "452759"
"w1_HelaKyoto_Gapdh_2597_p22_cy3__Cell_CP_36.tif", "1", "1", "61727", "3680880"
"w1_HelaKyoto_Gapdh_2597_p22_cy3__Cell_CP_37.tif", "101", "403", "53021", "1664994"
"w1_HelaKyoto_Gapdh_2597_p22_cy3__Cell_CP_38.tif", "673", "475", "47091", "1405665"
"w1_HelaKyoto_Gapdh_2597_p22_cy3__Cell_CP_39.tif", "498", "255", "41861", "1193458"
"w1_HelaKyoto_Gapdh_2597_p22_cy3__Cell_CP_40.tif", "83", "149", "36120", "4683959"
"w1_HelaKyoto_Gapdh_2597_p22_cy3__Cell_CP_6.tif", "12", "105", "16922", "2803890"
"w1_HelaKyoto_Gapdh_2597_p22_cy3__Cell_CP_7.tif", "430", "198", "15673", "3482783"
"w1_HelaKyoto_Gapdh_2597_p22_cy3__Cell_CP_8.tif", "259", "291", "14666", "455659"
